canonical_code,linked_codes,anio,version_ano,estado_documental,idioma_documental,file_name,format,relative_path,github_blob_url,github_raw_url,repository_preview_url,drive_file_id,drive_preview_url,drive_download_url,drive_open_url,notes
PR-SS-AAE,PR-SS-AAE; PR-SS-ATE,2021,v01 (2021),Obsoleto,EN,210415 PR-SS-AAE - Internal Management Program for Land Affection and Risks by External Agents v01.docx,docx,PROGRAMAS_FICHAS_CSS/Obsoletos/INGLÉS/OBSOLETOS/210415 PR-SS-AAE - Internal Management Program for Land Affection and Risks by External Agents v01.docx,https://github.com/monitorimpactosocial/programas_y_finas_CSS/blob/main/PROGRAMAS_FICHAS_CSS/Obsoletos/INGL%C3%89S/OBSOLETOS/210415%20PR-SS-AAE%20-%20Internal%20Management%20Program%20for%20Land%20Affection%20and%20Risks%20by%20External%20Agents%20v01.docx,https://raw.githubusercontent.com/monitorimpactosocial/programas_y_finas_CSS/main/PROGRAMAS_FICHAS_CSS/Obsoletos/INGL%C3%89S/OBSOLETOS/210415%20PR-SS-AAE%20-%20Internal%20Management%20Program%20for%20Land%20Affection%20and%20Risks%20by%20External%20Agents%20v01.docx,,,,,,
PR-SS-AAE,PR-SS-AAE; PR-SS-ATE,2021,v01 (2021),Obsoleto,ES,210415 PR-SS-AAE - Programa de Manejo Interno por Afectación de Tierras y Riesgos por Agentes Externos v01.docx,docx,PROGRAMAS_FICHAS_CSS/Obsoletos/210415 PR-SS-AAE - Programa de Manejo Interno por Afectación de Tierras y Riesgos por Agentes Externos v01.docx,https://github.com/monitorimpactosocial/programas_y_finas_CSS/blob/main/PROGRAMAS_FICHAS_CSS/Obsoletos/210415%20PR-SS-AAE%20-%20Programa%20de%20Manejo%20Interno%20por%20Afectaci%C3%B3n%20de%20Tierras%20y%20Riesgos%20por%20Agentes%20Externos%20v01.docx,https://raw.githubusercontent.com/monitorimpactosocial/programas_y_finas_CSS/main/PROGRAMAS_FICHAS_CSS/Obsoletos/210415%20PR-SS-AAE%20-%20Programa%20de%20Manejo%20Interno%20por%20Afectaci%C3%B3n%20de%20Tierras%20y%20Riesgos%20por%20Agentes%20Externos%20v01.docx,,,,,,
PR-SS-AAE,PR-SS-AAE; PR-SS-ATE,2022,v02 (2022),Obsoleto,EN,220104 PR-SS-AAE - Programa de Manejo Interno por Afectación de Tierras y Riesgos por Agentes Externos v02.docx,docx,PROGRAMAS_FICHAS_CSS/Obsoletos/INGLÉS/220104 PR-SS-AAE - Programa de Manejo Interno por Afectación de Tierras y Riesgos por Agentes Externos v02.docx,https://github.com/monitorimpactosocial/programas_y_finas_CSS/blob/main/PROGRAMAS_FICHAS_CSS/Obsoletos/INGL%C3%89S/220104%20PR-SS-AAE%20-%20Programa%20de%20Manejo%20Interno%20por%20Afectacio%CC%81n%20de%20Tierras%20y%20Riesgos%20por%20Agentes%20Externos%20v02.docx,https://raw.githubusercontent.com/monitorimpactosocial/programas_y_finas_CSS/main/PROGRAMAS_FICHAS_CSS/Obsoletos/INGL%C3%89S/220104%20PR-SS-AAE%20-%20Programa%20de%20Manejo%20Interno%20por%20Afectacio%CC%81n%20de%20Tierras%20y%20Riesgos%20por%20Agentes%20Externos%20v02.docx,,,,,,
PR-SS-AAE,PR-SS-AAE; PR-SS-ATE,2023,v03 (2023),Vigente,ES,230528 PR-SS-AAE - Programa de Manejo Interno por Afectación de Tierras y Riesgos por Agentes Externos v03.pdf,pdf,PROGRAMAS_FICHAS_CSS/PDF/230528 PR-SS-AAE - Programa de Manejo Interno por Afectación de Tierras y Riesgos por Agentes Externos v03.pdf,https://github.com/monitorimpactosocial/programas_y_finas_CSS/blob/main/PROGRAMAS_FICHAS_CSS/PDF/230528%20PR-SS-AAE%20-%20Programa%20de%20Manejo%20Interno%20por%20Afectaci%C3%B3n%20de%20Tierras%20y%20Riesgos%20por%20Agentes%20Externos%20v03.pdf,https://raw.githubusercontent.com/monitorimpactosocial/programas_y_finas_CSS/main/PROGRAMAS_FICHAS_CSS/PDF/230528%20PR-SS-AAE%20-%20Programa%20de%20Manejo%20Interno%20por%20Afectaci%C3%B3n%20de%20Tierras%20y%20Riesgos%20por%20Agentes%20Externos%20v03.pdf,https://docs.google.com/gview?embedded=1&url=https://raw.githubusercontent.com/monitorimpactosocial/programas_y_finas_CSS/main/PROGRAMAS_FICHAS_CSS/PDF/230528%20PR-SS-AAE%20-%20Programa%20de%20Manejo%20Interno%20por%20Afectaci%C3%B3n%20de%20Tierras%20y%20Riesgos%20por%20Agentes%20Externos%20v03.pdf,,,,,
PR-SS-AAE,PR-SS-AAE; PR-SS-ATE,2023,v03 (2023),Vigente,ES,230528 PR-SS-AAE - Programa de Manejo Interno por Afectación de Tierras y Riesgos por Agentes Externos v03.docx,docx,PROGRAMAS_FICHAS_CSS/Obsoletos/230528 PR-SS-AAE - Programa de Manejo Interno por Afectación de Tierras y Riesgos por Agentes Externos v03.docx,https://github.com/monitorimpactosocial/programas_y_finas_CSS/blob/main/PROGRAMAS_FICHAS_CSS/Obsoletos/230528%20PR-SS-AAE%20-%20Programa%20de%20Manejo%20Interno%20por%20Afectaci%C3%B3n%20de%20Tierras%20y%20Riesgos%20por%20Agentes%20Externos%20v03.docx,https://raw.githubusercontent.com/monitorimpactosocial/programas_y_finas_CSS/main/PROGRAMAS_FICHAS_CSS/Obsoletos/230528%20PR-SS-AAE%20-%20Programa%20de%20Manejo%20Interno%20por%20Afectaci%C3%B3n%20de%20Tierras%20y%20Riesgos%20por%20Agentes%20Externos%20v03.docx,,,,,,
PR-SS-AAE,PR-SS-AAE; PR-SS-ATE,2024,v04 (2024),Obsoleto,ES,240404 PR-SS-AAE - Programa de Manejo Interno por Afectación de Tierras y Riesgos por Agentes Externos v04.docx,docx,PROGRAMAS_FICHAS_CSS/Obsoletos/240404 PR-SS-AAE - Programa de Manejo Interno por Afectación de Tierras y Riesgos por Agentes Externos v04.docx,https://github.com/monitorimpactosocial/programas_y_finas_CSS/blob/main/PROGRAMAS_FICHAS_CSS/Obsoletos/240404%20PR-SS-AAE%20-%20Programa%20de%20Manejo%20Interno%20por%20Afectaci%C3%B3n%20de%20Tierras%20y%20Riesgos%20por%20Agentes%20Externos%20v04.docx,https://raw.githubusercontent.com/monitorimpactosocial/programas_y_finas_CSS/main/PROGRAMAS_FICHAS_CSS/Obsoletos/240404%20PR-SS-AAE%20-%20Programa%20de%20Manejo%20Interno%20por%20Afectaci%C3%B3n%20de%20Tierras%20y%20Riesgos%20por%20Agentes%20Externos%20v04.docx,,,,,,
PR-SS-AAE,PR-SS-AAE; PR-SS-ATE,2025,v05 (2025),Vigente,ES,250721 PR-SS-AAE - Programa de Manejo Interno por Afectación de Tierras y Riesgos por Agentes Externos v05.docx,docx,PROGRAMAS_FICHAS_CSS/250721 PR-SS-AAE - Programa de Manejo Interno por Afectación de Tierras y Riesgos por Agentes Externos v05.docx,https://github.com/monitorimpactosocial/programas_y_finas_CSS/blob/main/PROGRAMAS_FICHAS_CSS/250721%20PR-SS-AAE%20-%20Programa%20de%20Manejo%20Interno%20por%20Afectaci%C3%B3n%20de%20Tierras%20y%20Riesgos%20por%20Agentes%20Externos%20v05.docx,https://raw.githubusercontent.com/monitorimpactosocial/programas_y_finas_CSS/main/PROGRAMAS_FICHAS_CSS/250721%20PR-SS-AAE%20-%20Programa%20de%20Manejo%20Interno%20por%20Afectaci%C3%B3n%20de%20Tierras%20y%20Riesgos%20por%20Agentes%20Externos%20v05.docx,,,,,,
PR-SS-EMU,PR-SS-EMU,2021,v00 (2021),Obsoleto,ES,210524 PR-SS-EMU- Programa de Empoderamiento de la Mujer v00.docx,docx,PROGRAMAS_FICHAS_CSS/Obsoletos/210524 PR-SS-EMU- Programa de Empoderamiento de la Mujer v00.docx,https://github.com/monitorimpactosocial/programas_y_finas_CSS/blob/main/PROGRAMAS_FICHAS_CSS/Obsoletos/210524%20PR-SS-EMU-%20Programa%20de%20Empoderamiento%20de%20la%20Mujer%20v00.docx,https://raw.githubusercontent.com/monitorimpactosocial/programas_y_finas_CSS/main/PROGRAMAS_FICHAS_CSS/Obsoletos/210524%20PR-SS-EMU-%20Programa%20de%20Empoderamiento%20de%20la%20Mujer%20v00.docx,,,,,,
PR-SS-EMU,PR-SS-EMU,2021,v00 (2021),Obsoleto,EN,210524 PR-SS-EMU- Women's Empowerment Program v00.docx,docx,PROGRAMAS_FICHAS_CSS/Obsoletos/INGLÉS/OBSOLETOS/210524 PR-SS-EMU- Women's Empowerment Program v00.docx,https://github.com/monitorimpactosocial/programas_y_finas_CSS/blob/main/PROGRAMAS_FICHAS_CSS/Obsoletos/INGL%C3%89S/OBSOLETOS/210524%20PR-SS-EMU-%20Women%27s%20Empowerment%20Program%20v00.docx,https://raw.githubusercontent.com/monitorimpactosocial/programas_y_finas_CSS/main/PROGRAMAS_FICHAS_CSS/Obsoletos/INGL%C3%89S/OBSOLETOS/210524%20PR-SS-EMU-%20Women%27s%20Empowerment%20Program%20v00.docx,,,,,,
PR-SS-EMU,PR-SS-EMU,2022,v01 (2022),Obsoleto,EN,220104 PR-SS-EMU- Programa de Empoderamiento de la Mujer v01.docx,docx,PROGRAMAS_FICHAS_CSS/Obsoletos/INGLÉS/220104 PR-SS-EMU- Programa de Empoderamiento de la Mujer v01.docx,https://github.com/monitorimpactosocial/programas_y_finas_CSS/blob/main/PROGRAMAS_FICHAS_CSS/Obsoletos/INGL%C3%89S/220104%20PR-SS-EMU-%20Programa%20de%20Empoderamiento%20de%20la%20Mujer%20v01.docx,https://raw.githubusercontent.com/monitorimpactosocial/programas_y_finas_CSS/main/PROGRAMAS_FICHAS_CSS/Obsoletos/INGL%C3%89S/220104%20PR-SS-EMU-%20Programa%20de%20Empoderamiento%20de%20la%20Mujer%20v01.docx,,,,,,
PR-SS-EMU,PR-SS-EMU,2023,v02 (2023),Vigente,ES,230528 PR-SS-EMU- Programa de Empoderamiento de la Mujer v02.pdf,pdf,PROGRAMAS_FICHAS_CSS/PDF/230528 PR-SS-EMU- Programa de Empoderamiento de la Mujer v02.pdf,https://github.com/monitorimpactosocial/programas_y_finas_CSS/blob/main/PROGRAMAS_FICHAS_CSS/PDF/230528%20PR-SS-EMU-%20Programa%20de%20Empoderamiento%20de%20la%20Mujer%20v02.pdf,https://raw.githubusercontent.com/monitorimpactosocial/programas_y_finas_CSS/main/PROGRAMAS_FICHAS_CSS/PDF/230528%20PR-SS-EMU-%20Programa%20de%20Empoderamiento%20de%20la%20Mujer%20v02.pdf,https://docs.google.com/gview?embedded=1&url=https://raw.githubusercontent.com/monitorimpactosocial/programas_y_finas_CSS/main/PROGRAMAS_FICHAS_CSS/PDF/230528%20PR-SS-EMU-%20Programa%20de%20Empoderamiento%20de%20la%20Mujer%20v02.pdf,,,,,
PR-SS-EMU,PR-SS-EMU,2023,v02 (2023),Vigente,ES,230528 PR-SS-EMU- Programa de Empoderamiento de la Mujer v02.docx,docx,PROGRAMAS_FICHAS_CSS/Obsoletos/230528 PR-SS-EMU- Programa de Empoderamiento de la Mujer v02.docx,https://github.com/monitorimpactosocial/programas_y_finas_CSS/blob/main/PROGRAMAS_FICHAS_CSS/Obsoletos/230528%20PR-SS-EMU-%20Programa%20de%20Empoderamiento%20de%20la%20Mujer%20v02.docx,https://raw.githubusercontent.com/monitorimpactosocial/programas_y_finas_CSS/main/PROGRAMAS_FICHAS_CSS/Obsoletos/230528%20PR-SS-EMU-%20Programa%20de%20Empoderamiento%20de%20la%20Mujer%20v02.docx,,,,,,
PR-SS-EMU,PR-SS-EMU,2024,v03 (2024),Obsoleto,ES,240404 PR-SS-EMU - Programa de Empoderamiento de la Mujer.docx,docx,PROGRAMAS_FICHAS_CSS/Obsoletos/240404 PR-SS-EMU - Programa de Empoderamiento de la Mujer.docx,https://github.com/monitorimpactosocial/programas_y_finas_CSS/blob/main/PROGRAMAS_FICHAS_CSS/Obsoletos/240404%20PR-SS-EMU%20-%20Programa%20de%20Empoderamiento%20de%20la%20Mujer.docx,https://raw.githubusercontent.com/monitorimpactosocial/programas_y_finas_CSS/main/PROGRAMAS_FICHAS_CSS/Obsoletos/240404%20PR-SS-EMU%20-%20Programa%20de%20Empoderamiento%20de%20la%20Mujer.docx,,,,,,
PR-SS-EMU,PR-SS-EMU,2025,v04 (2025),Vigente,ES,250721 PR-SS-EMU - Programa de Empoderamiento de la Mujer v04.docx,docx,PROGRAMAS_FICHAS_CSS/250721 PR-SS-EMU - Programa de Empoderamiento de la Mujer v04.docx,https://github.com/monitorimpactosocial/programas_y_finas_CSS/blob/main/PROGRAMAS_FICHAS_CSS/250721%20PR-SS-EMU%20-%20Programa%20de%20Empoderamiento%20de%20la%20Mujer%20v04.docx,https://raw.githubusercontent.com/monitorimpactosocial/programas_y_finas_CSS/main/PROGRAMAS_FICHAS_CSS/250721%20PR-SS-EMU%20-%20Programa%20de%20Empoderamiento%20de%20la%20Mujer%20v04.docx,,,,,,
PR-SS-MDO,PR-SS-MDO,2021,v01 (2021),Obsoleto,EN,210420 PR-SS-MDO - Program for Development and Linkage with the Local Workforce  v01.docx,docx,PROGRAMAS_FICHAS_CSS/Obsoletos/INGLÉS/OBSOLETOS/210420 PR-SS-MDO - Program for Development and Linkage with the Local Workforce  v01.docx,https://github.com/monitorimpactosocial/programas_y_finas_CSS/blob/main/PROGRAMAS_FICHAS_CSS/Obsoletos/INGL%C3%89S/OBSOLETOS/210420%20PR-SS-MDO%20-%20Program%20for%20Development%20and%20Linkage%20with%20the%20Local%20Workforce%20%20v01.docx,https://raw.githubusercontent.com/monitorimpactosocial/programas_y_finas_CSS/main/PROGRAMAS_FICHAS_CSS/Obsoletos/INGL%C3%89S/OBSOLETOS/210420%20PR-SS-MDO%20-%20Program%20for%20Development%20and%20Linkage%20with%20the%20Local%20Workforce%20%20v01.docx,,,,,,
PR-SS-MDO,PR-SS-MDO,2021,v01 (2021),Obsoleto,ES,210420 PR-SS-MDO - Programa de Desarrollo y Vinculación de Mano de Obra Local  v01.docx,docx,PROGRAMAS_FICHAS_CSS/Obsoletos/210420 PR-SS-MDO - Programa de Desarrollo y Vinculación de Mano de Obra Local  v01.docx,https://github.com/monitorimpactosocial/programas_y_finas_CSS/blob/main/PROGRAMAS_FICHAS_CSS/Obsoletos/210420%20PR-SS-MDO%20-%20Programa%20de%20Desarrollo%20y%20Vinculaci%C3%B3n%20de%20Mano%20de%20Obra%20Local%20%20v01.docx,https://raw.githubusercontent.com/monitorimpactosocial/programas_y_finas_CSS/main/PROGRAMAS_FICHAS_CSS/Obsoletos/210420%20PR-SS-MDO%20-%20Programa%20de%20Desarrollo%20y%20Vinculaci%C3%B3n%20de%20Mano%20de%20Obra%20Local%20%20v01.docx,,,,,,
PR-SS-MDO,PR-SS-MDO,2022,v02 (2022),Obsoleto,EN,220104 PR-SS-MDO - Programa de Desarrollo y Vinculación de Mano de Obra Local  v02.docx,docx,PROGRAMAS_FICHAS_CSS/Obsoletos/INGLÉS/220104 PR-SS-MDO - Programa de Desarrollo y Vinculación de Mano de Obra Local  v02.docx,https://github.com/monitorimpactosocial/programas_y_finas_CSS/blob/main/PROGRAMAS_FICHAS_CSS/Obsoletos/INGL%C3%89S/220104%20PR-SS-MDO%20-%20Programa%20de%20Desarrollo%20y%20Vinculacio%CC%81n%20de%20Mano%20de%20Obra%20Local%20%20v02.docx,https://raw.githubusercontent.com/monitorimpactosocial/programas_y_finas_CSS/main/PROGRAMAS_FICHAS_CSS/Obsoletos/INGL%C3%89S/220104%20PR-SS-MDO%20-%20Programa%20de%20Desarrollo%20y%20Vinculacio%CC%81n%20de%20Mano%20de%20Obra%20Local%20%20v02.docx,,,,,,
PR-SS-MDO,PR-SS-MDO,2023,v03 (2023),Vigente,ES,230528 PR-SS-MDO - Programa de Desarrollo y Vinculación de Mano de Obra Local  v03.pdf,pdf,PROGRAMAS_FICHAS_CSS/PDF/230528 PR-SS-MDO - Programa de Desarrollo y Vinculación de Mano de Obra Local  v03.pdf,https://github.com/monitorimpactosocial/programas_y_finas_CSS/blob/main/PROGRAMAS_FICHAS_CSS/PDF/230528%20PR-SS-MDO%20-%20Programa%20de%20Desarrollo%20y%20Vinculaci%C3%B3n%20de%20Mano%20de%20Obra%20Local%20%20v03.pdf,https://raw.githubusercontent.com/monitorimpactosocial/programas_y_finas_CSS/main/PROGRAMAS_FICHAS_CSS/PDF/230528%20PR-SS-MDO%20-%20Programa%20de%20Desarrollo%20y%20Vinculaci%C3%B3n%20de%20Mano%20de%20Obra%20Local%20%20v03.pdf,https://docs.google.com/gview?embedded=1&url=https://raw.githubusercontent.com/monitorimpactosocial/programas_y_finas_CSS/main/PROGRAMAS_FICHAS_CSS/PDF/230528%20PR-SS-MDO%20-%20Programa%20de%20Desarrollo%20y%20Vinculaci%C3%B3n%20de%20Mano%20de%20Obra%20Local%20%20v03.pdf,,,,,
PR-SS-MDO,PR-SS-MDO,2023,v03 (2023),Vigente,ES,230528 PR-SS-MDO - Programa de Desarrollo y Vinculación de Mano de Obra Local  v03.docx,docx,PROGRAMAS_FICHAS_CSS/Obsoletos/230528 PR-SS-MDO - Programa de Desarrollo y Vinculación de Mano de Obra Local  v03.docx,https://github.com/monitorimpactosocial/programas_y_finas_CSS/blob/main/PROGRAMAS_FICHAS_CSS/Obsoletos/230528%20PR-SS-MDO%20-%20Programa%20de%20Desarrollo%20y%20Vinculaci%C3%B3n%20de%20Mano%20de%20Obra%20Local%20%20v03.docx,https://raw.githubusercontent.com/monitorimpactosocial/programas_y_finas_CSS/main/PROGRAMAS_FICHAS_CSS/Obsoletos/230528%20PR-SS-MDO%20-%20Programa%20de%20Desarrollo%20y%20Vinculaci%C3%B3n%20de%20Mano%20de%20Obra%20Local%20%20v03.docx,,,,,,
PR-SS-MDO,PR-SS-MDO,2024,v04 (2024),Obsoleto,ES,240404 PR-SS-MDO - Programa de Desarrollo y Vinculación de Mano de Obra Local  v04.docx,docx,PROGRAMAS_FICHAS_CSS/Obsoletos/240404 PR-SS-MDO - Programa de Desarrollo y Vinculación de Mano de Obra Local  v04.docx,https://github.com/monitorimpactosocial/programas_y_finas_CSS/blob/main/PROGRAMAS_FICHAS_CSS/Obsoletos/240404%20PR-SS-MDO%20-%20Programa%20de%20Desarrollo%20y%20Vinculaci%C3%B3n%20de%20Mano%20de%20Obra%20Local%20%20v04.docx,https://raw.githubusercontent.com/monitorimpactosocial/programas_y_finas_CSS/main/PROGRAMAS_FICHAS_CSS/Obsoletos/240404%20PR-SS-MDO%20-%20Programa%20de%20Desarrollo%20y%20Vinculaci%C3%B3n%20de%20Mano%20de%20Obra%20Local%20%20v04.docx,,,,,,
PR-SS-MDO,PR-SS-MDO,2025,v05 (2025),Vigente,ES,250721 PR-SS-MDO - Programa de Desarrollo y Vinculación de Mano de Obra Local v05.docx,docx,PROGRAMAS_FICHAS_CSS/250721 PR-SS-MDO - Programa de Desarrollo y Vinculación de Mano de Obra Local v05.docx,https://github.com/monitorimpactosocial/programas_y_finas_CSS/blob/main/PROGRAMAS_FICHAS_CSS/250721%20PR-SS-MDO%20-%20Programa%20de%20Desarrollo%20y%20Vinculaci%C3%B3n%20de%20Mano%20de%20Obra%20Local%20v05.docx,https://raw.githubusercontent.com/monitorimpactosocial/programas_y_finas_CSS/main/PROGRAMAS_FICHAS_CSS/250721%20PR-SS-MDO%20-%20Programa%20de%20Desarrollo%20y%20Vinculaci%C3%B3n%20de%20Mano%20de%20Obra%20Local%20v05.docx,,,,,,
PR-SS-MSC,PR-SS-MSC,2021,v01 (2021),Obsoleto,ES,210414 PR-SS-MSC - Programa de Manejo Social v01.docx,docx,PROGRAMAS_FICHAS_CSS/Obsoletos/210414 PR-SS-MSC - Programa de Manejo Social v01.docx,https://github.com/monitorimpactosocial/programas_y_finas_CSS/blob/main/PROGRAMAS_FICHAS_CSS/Obsoletos/210414%20PR-SS-MSC%20-%20Programa%20de%20Manejo%20Social%20v01.docx,https://raw.githubusercontent.com/monitorimpactosocial/programas_y_finas_CSS/main/PROGRAMAS_FICHAS_CSS/Obsoletos/210414%20PR-SS-MSC%20-%20Programa%20de%20Manejo%20Social%20v01.docx,,,,,,
PR-SS-MSC,PR-SS-MSC,2021,v01 (2021),Obsoleto,EN,210414 PR-SS-MSC - Social Management Program v01.docx,docx,PROGRAMAS_FICHAS_CSS/Obsoletos/INGLÉS/OBSOLETOS/210414 PR-SS-MSC - Social Management Program v01.docx,https://github.com/monitorimpactosocial/programas_y_finas_CSS/blob/main/PROGRAMAS_FICHAS_CSS/Obsoletos/INGL%C3%89S/OBSOLETOS/210414%20PR-SS-MSC%20-%20Social%20Management%20Program%20v01.docx,https://raw.githubusercontent.com/monitorimpactosocial/programas_y_finas_CSS/main/PROGRAMAS_FICHAS_CSS/Obsoletos/INGL%C3%89S/OBSOLETOS/210414%20PR-SS-MSC%20-%20Social%20Management%20Program%20v01.docx,,,,,,
PR-SS-MSC,PR-SS-MSC,2022,v02 (2022),Obsoleto,EN,220104 PR-SS-MSC - Programa de Manejo Social v02.docx,docx,PROGRAMAS_FICHAS_CSS/Obsoletos/INGLÉS/220104 PR-SS-MSC - Programa de Manejo Social v02.docx,https://github.com/monitorimpactosocial/programas_y_finas_CSS/blob/main/PROGRAMAS_FICHAS_CSS/Obsoletos/INGL%C3%89S/220104%20PR-SS-MSC%20-%20Programa%20de%20Manejo%20Social%20v02.docx,https://raw.githubusercontent.com/monitorimpactosocial/programas_y_finas_CSS/main/PROGRAMAS_FICHAS_CSS/Obsoletos/INGL%C3%89S/220104%20PR-SS-MSC%20-%20Programa%20de%20Manejo%20Social%20v02.docx,,,,,,
PR-SS-MSC,PR-SS-MSC,2023,v03 (2023),Vigente,ES,230528 PR-SS-MSC - Programa de Manejo Social v03.pdf,pdf,PROGRAMAS_FICHAS_CSS/PDF/230528 PR-SS-MSC - Programa de Manejo Social v03.pdf,https://github.com/monitorimpactosocial/programas_y_finas_CSS/blob/main/PROGRAMAS_FICHAS_CSS/PDF/230528%20PR-SS-MSC%20-%20Programa%20de%20Manejo%20Social%20v03.pdf,https://raw.githubusercontent.com/monitorimpactosocial/programas_y_finas_CSS/main/PROGRAMAS_FICHAS_CSS/PDF/230528%20PR-SS-MSC%20-%20Programa%20de%20Manejo%20Social%20v03.pdf,https://docs.google.com/gview?embedded=1&url=https://raw.githubusercontent.com/monitorimpactosocial/programas_y_finas_CSS/main/PROGRAMAS_FICHAS_CSS/PDF/230528%20PR-SS-MSC%20-%20Programa%20de%20Manejo%20Social%20v03.pdf,,,,,
PR-SS-MSC,PR-SS-MSC,2023,v03 (2023),Vigente,ES,230528 PR-SS-MSC - Programa de Manejo Social v03.docx,docx,PROGRAMAS_FICHAS_CSS/Obsoletos/230528 PR-SS-MSC - Programa de Manejo Social v03.docx,https://github.com/monitorimpactosocial/programas_y_finas_CSS/blob/main/PROGRAMAS_FICHAS_CSS/Obsoletos/230528%20PR-SS-MSC%20-%20Programa%20de%20Manejo%20Social%20v03.docx,https://raw.githubusercontent.com/monitorimpactosocial/programas_y_finas_CSS/main/PROGRAMAS_FICHAS_CSS/Obsoletos/230528%20PR-SS-MSC%20-%20Programa%20de%20Manejo%20Social%20v03.docx,,,,,,
PR-SS-MSC,PR-SS-MSC,2024,v04 (2024),Obsoleto,ES,240404 PR-SS-MSC - Programa de Manejo Social v04.docx,docx,PROGRAMAS_FICHAS_CSS/Obsoletos/240404 PR-SS-MSC - Programa de Manejo Social v04.docx,https://github.com/monitorimpactosocial/programas_y_finas_CSS/blob/main/PROGRAMAS_FICHAS_CSS/Obsoletos/240404%20PR-SS-MSC%20-%20Programa%20de%20Manejo%20Social%20v04.docx,https://raw.githubusercontent.com/monitorimpactosocial/programas_y_finas_CSS/main/PROGRAMAS_FICHAS_CSS/Obsoletos/240404%20PR-SS-MSC%20-%20Programa%20de%20Manejo%20Social%20v04.docx,,,,,,
PR-SS-MSC,PR-SS-MSC,2025,v05 (2025),Vigente,ES,250721 PR-SS-MSC - Programa de Manejo Social v05.docx,docx,PROGRAMAS_FICHAS_CSS/250721 PR-SS-MSC - Programa de Manejo Social v05.docx,https://github.com/monitorimpactosocial/programas_y_finas_CSS/blob/main/PROGRAMAS_FICHAS_CSS/250721%20PR-SS-MSC%20-%20Programa%20de%20Manejo%20Social%20v05.docx,https://raw.githubusercontent.com/monitorimpactosocial/programas_y_finas_CSS/main/PROGRAMAS_FICHAS_CSS/250721%20PR-SS-MSC%20-%20Programa%20de%20Manejo%20Social%20v05.docx,,,,,,
PR-SS-MSO,PR-SS-MSO,2021,v01 (2021),Obsoleto,ES,210414 PR-SS-MSO - Programa de Monitoreo Social v01.docx,docx,PROGRAMAS_FICHAS_CSS/Obsoletos/210414 PR-SS-MSO - Programa de Monitoreo Social v01.docx,https://github.com/monitorimpactosocial/programas_y_finas_CSS/blob/main/PROGRAMAS_FICHAS_CSS/Obsoletos/210414%20PR-SS-MSO%20-%20Programa%20de%20Monitoreo%20Social%20v01.docx,https://raw.githubusercontent.com/monitorimpactosocial/programas_y_finas_CSS/main/PROGRAMAS_FICHAS_CSS/Obsoletos/210414%20PR-SS-MSO%20-%20Programa%20de%20Monitoreo%20Social%20v01.docx,,,,,,
PR-SS-MSO,PR-SS-MSO,2021,v01 (2021),Obsoleto,EN,210414 PR-SS-MSO - Social Monitoring Program v01.docx,docx,PROGRAMAS_FICHAS_CSS/Obsoletos/INGLÉS/OBSOLETOS/210414 PR-SS-MSO - Social Monitoring Program v01.docx,https://github.com/monitorimpactosocial/programas_y_finas_CSS/blob/main/PROGRAMAS_FICHAS_CSS/Obsoletos/INGL%C3%89S/OBSOLETOS/210414%20PR-SS-MSO%20-%20Social%20Monitoring%20Program%20v01.docx,https://raw.githubusercontent.com/monitorimpactosocial/programas_y_finas_CSS/main/PROGRAMAS_FICHAS_CSS/Obsoletos/INGL%C3%89S/OBSOLETOS/210414%20PR-SS-MSO%20-%20Social%20Monitoring%20Program%20v01.docx,,,,,,
PR-SS-MSO,PR-SS-MSO,2022,v02 (2022),Obsoleto,EN,220104 PR-SS-MSO - Programa de Monitoreo Social v02.docx,docx,PROGRAMAS_FICHAS_CSS/Obsoletos/INGLÉS/220104 PR-SS-MSO - Programa de Monitoreo Social v02.docx,https://github.com/monitorimpactosocial/programas_y_finas_CSS/blob/main/PROGRAMAS_FICHAS_CSS/Obsoletos/INGL%C3%89S/220104%20PR-SS-MSO%20-%20Programa%20de%20Monitoreo%20Social%20v02.docx,https://raw.githubusercontent.com/monitorimpactosocial/programas_y_finas_CSS/main/PROGRAMAS_FICHAS_CSS/Obsoletos/INGL%C3%89S/220104%20PR-SS-MSO%20-%20Programa%20de%20Monitoreo%20Social%20v02.docx,,,,,,
PR-SS-MSO,PR-SS-MSO,2023,v03 (2023),Vigente,ES,230528 PR-SS-MSO - Programa de Monitoreo Social v03.pdf,pdf,PROGRAMAS_FICHAS_CSS/PDF/230528 PR-SS-MSO - Programa de Monitoreo Social v03.pdf,https://github.com/monitorimpactosocial/programas_y_finas_CSS/blob/main/PROGRAMAS_FICHAS_CSS/PDF/230528%20PR-SS-MSO%20-%20Programa%20de%20Monitoreo%20Social%20v03.pdf,https://raw.githubusercontent.com/monitorimpactosocial/programas_y_finas_CSS/main/PROGRAMAS_FICHAS_CSS/PDF/230528%20PR-SS-MSO%20-%20Programa%20de%20Monitoreo%20Social%20v03.pdf,https://docs.google.com/gview?embedded=1&url=https://raw.githubusercontent.com/monitorimpactosocial/programas_y_finas_CSS/main/PROGRAMAS_FICHAS_CSS/PDF/230528%20PR-SS-MSO%20-%20Programa%20de%20Monitoreo%20Social%20v03.pdf,,,,,
PR-SS-MSO,PR-SS-MSO,2023,v03 (2023),Vigente,ES,230528 PR-SS-MSO - Programa de Monitoreo Social v03.docx,docx,PROGRAMAS_FICHAS_CSS/Obsoletos/230528 PR-SS-MSO - Programa de Monitoreo Social v03.docx,https://github.com/monitorimpactosocial/programas_y_finas_CSS/blob/main/PROGRAMAS_FICHAS_CSS/Obsoletos/230528%20PR-SS-MSO%20-%20Programa%20de%20Monitoreo%20Social%20v03.docx,https://raw.githubusercontent.com/monitorimpactosocial/programas_y_finas_CSS/main/PROGRAMAS_FICHAS_CSS/Obsoletos/230528%20PR-SS-MSO%20-%20Programa%20de%20Monitoreo%20Social%20v03.docx,,,,,,
PR-SS-MSO,PR-SS-MSO,2024,v04 (2024),Obsoleto,ES,240404 PR-SS-MSO - Programa de Monitoreo Social v04.docx,docx,PROGRAMAS_FICHAS_CSS/Obsoletos/240404 PR-SS-MSO - Programa de Monitoreo Social v04.docx,https://github.com/monitorimpactosocial/programas_y_finas_CSS/blob/main/PROGRAMAS_FICHAS_CSS/Obsoletos/240404%20PR-SS-MSO%20-%20Programa%20de%20Monitoreo%20Social%20v04.docx,https://raw.githubusercontent.com/monitorimpactosocial/programas_y_finas_CSS/main/PROGRAMAS_FICHAS_CSS/Obsoletos/240404%20PR-SS-MSO%20-%20Programa%20de%20Monitoreo%20Social%20v04.docx,,,,,,
PR-SS-MSO,PR-SS-MSO,2025,v05 (2025),Vigente,ES,250721 PR-SS-MSO - Programa de Monitoreo Social v05.docx,docx,PROGRAMAS_FICHAS_CSS/250721 PR-SS-MSO - Programa de Monitoreo Social v05.docx,https://github.com/monitorimpactosocial/programas_y_finas_CSS/blob/main/PROGRAMAS_FICHAS_CSS/250721%20PR-SS-MSO%20-%20Programa%20de%20Monitoreo%20Social%20v05.docx,https://raw.githubusercontent.com/monitorimpactosocial/programas_y_finas_CSS/main/PROGRAMAS_FICHAS_CSS/250721%20PR-SS-MSO%20-%20Programa%20de%20Monitoreo%20Social%20v05.docx,,,,,,
PR-SS-PCS,PR-SS-PCS,2021,v01 (2021),Obsoleto,ES,210524 PR-SS-PCS - Programa de Prevención y Gestión de Contingencias Sociales v01.docx,docx,PROGRAMAS_FICHAS_CSS/Obsoletos/210524 PR-SS-PCS - Programa de Prevención y Gestión de Contingencias Sociales v01.docx,https://github.com/monitorimpactosocial/programas_y_finas_CSS/blob/main/PROGRAMAS_FICHAS_CSS/Obsoletos/210524%20PR-SS-PCS%20-%20Programa%20de%20Prevenci%C3%B3n%20y%20Gesti%C3%B3n%20de%20Contingencias%20Sociales%20v01.docx,https://raw.githubusercontent.com/monitorimpactosocial/programas_y_finas_CSS/main/PROGRAMAS_FICHAS_CSS/Obsoletos/210524%20PR-SS-PCS%20-%20Programa%20de%20Prevenci%C3%B3n%20y%20Gesti%C3%B3n%20de%20Contingencias%20Sociales%20v01.docx,,,,,,
PR-SS-PCS,PR-SS-PCS,2021,v01 (2021),Obsoleto,EN,210524 PR-SS-PCS - Social Contingency Prevention and Management Program v01.docx,docx,PROGRAMAS_FICHAS_CSS/Obsoletos/INGLÉS/OBSOLETOS/210524 PR-SS-PCS - Social Contingency Prevention and Management Program v01.docx,https://github.com/monitorimpactosocial/programas_y_finas_CSS/blob/main/PROGRAMAS_FICHAS_CSS/Obsoletos/INGL%C3%89S/OBSOLETOS/210524%20PR-SS-PCS%20-%20Social%20Contingency%20Prevention%20and%20Management%20Program%20v01.docx,https://raw.githubusercontent.com/monitorimpactosocial/programas_y_finas_CSS/main/PROGRAMAS_FICHAS_CSS/Obsoletos/INGL%C3%89S/OBSOLETOS/210524%20PR-SS-PCS%20-%20Social%20Contingency%20Prevention%20and%20Management%20Program%20v01.docx,,,,,,
PR-SS-PCS,PR-SS-PCS,2022,v02 (2022),Obsoleto,EN,220104 PR-SS-PCS - Programa de Prevención y Gestión de Contingencias Sociales v02.docx,docx,PROGRAMAS_FICHAS_CSS/Obsoletos/INGLÉS/220104 PR-SS-PCS - Programa de Prevención y Gestión de Contingencias Sociales v02.docx,https://github.com/monitorimpactosocial/programas_y_finas_CSS/blob/main/PROGRAMAS_FICHAS_CSS/Obsoletos/INGL%C3%89S/220104%20PR-SS-PCS%20-%20Programa%20de%20Prevencio%CC%81n%20y%20Gestio%CC%81n%20de%20Contingencias%20Sociales%20v02.docx,https://raw.githubusercontent.com/monitorimpactosocial/programas_y_finas_CSS/main/PROGRAMAS_FICHAS_CSS/Obsoletos/INGL%C3%89S/220104%20PR-SS-PCS%20-%20Programa%20de%20Prevencio%CC%81n%20y%20Gestio%CC%81n%20de%20Contingencias%20Sociales%20v02.docx,,,,,,
PR-SS-PCS,PR-SS-PCS,2023,v03 (2023),Vigente,ES,230528 PR-SS-PCS - Programa de Prevención y Gestión de Contingencias Sociales v03.pdf,pdf,PROGRAMAS_FICHAS_CSS/PDF/230528 PR-SS-PCS - Programa de Prevención y Gestión de Contingencias Sociales v03.pdf,https://github.com/monitorimpactosocial/programas_y_finas_CSS/blob/main/PROGRAMAS_FICHAS_CSS/PDF/230528%20PR-SS-PCS%20-%20Programa%20de%20Prevenci%C3%B3n%20y%20Gesti%C3%B3n%20de%20Contingencias%20Sociales%20v03.pdf,https://raw.githubusercontent.com/monitorimpactosocial/programas_y_finas_CSS/main/PROGRAMAS_FICHAS_CSS/PDF/230528%20PR-SS-PCS%20-%20Programa%20de%20Prevenci%C3%B3n%20y%20Gesti%C3%B3n%20de%20Contingencias%20Sociales%20v03.pdf,https://docs.google.com/gview?embedded=1&url=https://raw.githubusercontent.com/monitorimpactosocial/programas_y_finas_CSS/main/PROGRAMAS_FICHAS_CSS/PDF/230528%20PR-SS-PCS%20-%20Programa%20de%20Prevenci%C3%B3n%20y%20Gesti%C3%B3n%20de%20Contingencias%20Sociales%20v03.pdf,,,,,
PR-SS-PCS,PR-SS-PCS,2023,v03 (2023),Vigente,ES,230528 PR-SS-PCS - Programa de Prevención y Gestión de Contingencias Sociales v03.docx,docx,PROGRAMAS_FICHAS_CSS/Obsoletos/230528 PR-SS-PCS - Programa de Prevención y Gestión de Contingencias Sociales v03.docx,https://github.com/monitorimpactosocial/programas_y_finas_CSS/blob/main/PROGRAMAS_FICHAS_CSS/Obsoletos/230528%20PR-SS-PCS%20-%20Programa%20de%20Prevenci%C3%B3n%20y%20Gesti%C3%B3n%20de%20Contingencias%20Sociales%20v03.docx,https://raw.githubusercontent.com/monitorimpactosocial/programas_y_finas_CSS/main/PROGRAMAS_FICHAS_CSS/Obsoletos/230528%20PR-SS-PCS%20-%20Programa%20de%20Prevenci%C3%B3n%20y%20Gesti%C3%B3n%20de%20Contingencias%20Sociales%20v03.docx,,,,,,
PR-SS-PCS,PR-SS-PCS,2024,v04 (2024),Obsoleto,ES,240404 PR-SS-PCS - Programa de Prevención y Gestión de Contingencias Sociales v04.docx,docx,PROGRAMAS_FICHAS_CSS/Obsoletos/240404 PR-SS-PCS - Programa de Prevención y Gestión de Contingencias Sociales v04.docx,https://github.com/monitorimpactosocial/programas_y_finas_CSS/blob/main/PROGRAMAS_FICHAS_CSS/Obsoletos/240404%20PR-SS-PCS%20-%20Programa%20de%20Prevenci%C3%B3n%20y%20Gesti%C3%B3n%20de%20Contingencias%20Sociales%20v04.docx,https://raw.githubusercontent.com/monitorimpactosocial/programas_y_finas_CSS/main/PROGRAMAS_FICHAS_CSS/Obsoletos/240404%20PR-SS-PCS%20-%20Programa%20de%20Prevenci%C3%B3n%20y%20Gesti%C3%B3n%20de%20Contingencias%20Sociales%20v04.docx,,,,,,
PR-SS-PCS,PR-SS-PCS,2025,v05 (2025),Vigente,ES,250721 PR-SS-PCS - Programa de Prevención y Gestión de Contingencias Sociales v05.docx,docx,PROGRAMAS_FICHAS_CSS/250721 PR-SS-PCS - Programa de Prevención y Gestión de Contingencias Sociales v05.docx,https://github.com/monitorimpactosocial/programas_y_finas_CSS/blob/main/PROGRAMAS_FICHAS_CSS/250721%20PR-SS-PCS%20-%20Programa%20de%20Prevenci%C3%B3n%20y%20Gesti%C3%B3n%20de%20Contingencias%20Sociales%20v05.docx,https://raw.githubusercontent.com/monitorimpactosocial/programas_y_finas_CSS/main/PROGRAMAS_FICHAS_CSS/250721%20PR-SS-PCS%20-%20Programa%20de%20Prevenci%C3%B3n%20y%20Gesti%C3%B3n%20de%20Contingencias%20Sociales%20v05.docx,,,,,,
PR-SS-PDP,PR-SS-PDP,2021,v01 (2021),Obsoleto,EN,210415 PR-SS-PDP - Local Supplier Development and Promotion Program v01.docx,docx,PROGRAMAS_FICHAS_CSS/Obsoletos/INGLÉS/OBSOLETOS/210415 PR-SS-PDP - Local Supplier Development and Promotion Program v01.docx,https://github.com/monitorimpactosocial/programas_y_finas_CSS/blob/main/PROGRAMAS_FICHAS_CSS/Obsoletos/INGL%C3%89S/OBSOLETOS/210415%20PR-SS-PDP%20-%20Local%20Supplier%20Development%20and%20Promotion%20Program%20v01.docx,https://raw.githubusercontent.com/monitorimpactosocial/programas_y_finas_CSS/main/PROGRAMAS_FICHAS_CSS/Obsoletos/INGL%C3%89S/OBSOLETOS/210415%20PR-SS-PDP%20-%20Local%20Supplier%20Development%20and%20Promotion%20Program%20v01.docx,,,,,,
PR-SS-PDP,PR-SS-PDP,2021,v01 (2021),Obsoleto,ES,210415 PR-SS-PDP - Programa de Promoción y Desarrollo de Proveedores Locales v01.docx,docx,PROGRAMAS_FICHAS_CSS/Obsoletos/210415 PR-SS-PDP - Programa de Promoción y Desarrollo de Proveedores Locales v01.docx,https://github.com/monitorimpactosocial/programas_y_finas_CSS/blob/main/PROGRAMAS_FICHAS_CSS/Obsoletos/210415%20PR-SS-PDP%20-%20Programa%20de%20Promoci%C3%B3n%20y%20Desarrollo%20de%20Proveedores%20Locales%20v01.docx,https://raw.githubusercontent.com/monitorimpactosocial/programas_y_finas_CSS/main/PROGRAMAS_FICHAS_CSS/Obsoletos/210415%20PR-SS-PDP%20-%20Programa%20de%20Promoci%C3%B3n%20y%20Desarrollo%20de%20Proveedores%20Locales%20v01.docx,,,,,,
PR-SS-PDP,PR-SS-PDP,2022,v02 (2022),Obsoleto,EN,220104 PR-SS-PDP - Programa de Promoción y Desarrollo de Proveedores Locales v02.docx,docx,PROGRAMAS_FICHAS_CSS/Obsoletos/INGLÉS/220104 PR-SS-PDP - Programa de Promoción y Desarrollo de Proveedores Locales v02.docx,https://github.com/monitorimpactosocial/programas_y_finas_CSS/blob/main/PROGRAMAS_FICHAS_CSS/Obsoletos/INGL%C3%89S/220104%20PR-SS-PDP%20-%20Programa%20de%20Promocio%CC%81n%20y%20Desarrollo%20de%20Proveedores%20Locales%20v02.docx,https://raw.githubusercontent.com/monitorimpactosocial/programas_y_finas_CSS/main/PROGRAMAS_FICHAS_CSS/Obsoletos/INGL%C3%89S/220104%20PR-SS-PDP%20-%20Programa%20de%20Promocio%CC%81n%20y%20Desarrollo%20de%20Proveedores%20Locales%20v02.docx,,,,,,
PR-SS-PDP,PR-SS-PDP,2023,v03 (2023),Vigente,ES,230528 PR-SS-PDP - Programa de Promoción y Desarrollo de Proveedores Locales v03.pdf,pdf,PROGRAMAS_FICHAS_CSS/PDF/230528 PR-SS-PDP - Programa de Promoción y Desarrollo de Proveedores Locales v03.pdf,https://github.com/monitorimpactosocial/programas_y_finas_CSS/blob/main/PROGRAMAS_FICHAS_CSS/PDF/230528%20PR-SS-PDP%20-%20Programa%20de%20Promoci%C3%B3n%20y%20Desarrollo%20de%20Proveedores%20Locales%20v03.pdf,https://raw.githubusercontent.com/monitorimpactosocial/programas_y_finas_CSS/main/PROGRAMAS_FICHAS_CSS/PDF/230528%20PR-SS-PDP%20-%20Programa%20de%20Promoci%C3%B3n%20y%20Desarrollo%20de%20Proveedores%20Locales%20v03.pdf,https://docs.google.com/gview?embedded=1&url=https://raw.githubusercontent.com/monitorimpactosocial/programas_y_finas_CSS/main/PROGRAMAS_FICHAS_CSS/PDF/230528%20PR-SS-PDP%20-%20Programa%20de%20Promoci%C3%B3n%20y%20Desarrollo%20de%20Proveedores%20Locales%20v03.pdf,,,,,
PR-SS-PDP,PR-SS-PDP,2023,v03 (2023),Vigente,ES,230528 PR-SS-PDP - Programa de Promoción y Desarrollo de Proveedores Locales v03.docx,docx,PROGRAMAS_FICHAS_CSS/Obsoletos/230528 PR-SS-PDP - Programa de Promoción y Desarrollo de Proveedores Locales v03.docx,https://github.com/monitorimpactosocial/programas_y_finas_CSS/blob/main/PROGRAMAS_FICHAS_CSS/Obsoletos/230528%20PR-SS-PDP%20-%20Programa%20de%20Promoci%C3%B3n%20y%20Desarrollo%20de%20Proveedores%20Locales%20v03.docx,https://raw.githubusercontent.com/monitorimpactosocial/programas_y_finas_CSS/main/PROGRAMAS_FICHAS_CSS/Obsoletos/230528%20PR-SS-PDP%20-%20Programa%20de%20Promoci%C3%B3n%20y%20Desarrollo%20de%20Proveedores%20Locales%20v03.docx,,,,,,
PR-SS-PDP,PR-SS-PDP,2024,v04 (2024),Obsoleto,ES,240404 PR-SS-PDP - Programa de Promoción y Desarrollo de Proveedores Locales v04.docx,docx,PROGRAMAS_FICHAS_CSS/Obsoletos/240404 PR-SS-PDP - Programa de Promoción y Desarrollo de Proveedores Locales v04.docx,https://github.com/monitorimpactosocial/programas_y_finas_CSS/blob/main/PROGRAMAS_FICHAS_CSS/Obsoletos/240404%20PR-SS-PDP%20-%20Programa%20de%20Promoci%C3%B3n%20y%20Desarrollo%20de%20Proveedores%20Locales%20v04.docx,https://raw.githubusercontent.com/monitorimpactosocial/programas_y_finas_CSS/main/PROGRAMAS_FICHAS_CSS/Obsoletos/240404%20PR-SS-PDP%20-%20Programa%20de%20Promoci%C3%B3n%20y%20Desarrollo%20de%20Proveedores%20Locales%20v04.docx,,,,,,
PR-SS-PDP,PR-SS-PDP,2025,v05 (2025),Vigente,ES,250721 PR-SS-PDP - Programa de Promoción y Desarrollo de Empresas Proveedoras Locales v05.docx,docx,PROGRAMAS_FICHAS_CSS/250721 PR-SS-PDP - Programa de Promoción y Desarrollo de Empresas Proveedoras Locales v05.docx,https://github.com/monitorimpactosocial/programas_y_finas_CSS/blob/main/PROGRAMAS_FICHAS_CSS/250721%20PR-SS-PDP%20-%20Programa%20de%20Promoci%C3%B3n%20y%20Desarrollo%20de%20Empresas%20Proveedoras%20Locales%20v05.docx,https://raw.githubusercontent.com/monitorimpactosocial/programas_y_finas_CSS/main/PROGRAMAS_FICHAS_CSS/250721%20PR-SS-PDP%20-%20Programa%20de%20Promoci%C3%B3n%20y%20Desarrollo%20de%20Empresas%20Proveedoras%20Locales%20v05.docx,,,,,,
PR-SS-QRI,PR-SS-QRI,2021,v01 (2021),Obsoleto,EN,"210415 PR-SS-QRI - Complaints Management Program, Suggestions and Inquiries v01.docx",docx,"PROGRAMAS_FICHAS_CSS/Obsoletos/INGLÉS/OBSOLETOS/210415 PR-SS-QRI - Complaints Management Program, Suggestions and Inquiries v01.docx",https://github.com/monitorimpactosocial/programas_y_finas_CSS/blob/main/PROGRAMAS_FICHAS_CSS/Obsoletos/INGL%C3%89S/OBSOLETOS/210415%20PR-SS-QRI%20-%20Complaints%20Management%20Program%2C%20Suggestions%20and%20Inquiries%20v01.docx,https://raw.githubusercontent.com/monitorimpactosocial/programas_y_finas_CSS/main/PROGRAMAS_FICHAS_CSS/Obsoletos/INGL%C3%89S/OBSOLETOS/210415%20PR-SS-QRI%20-%20Complaints%20Management%20Program%2C%20Suggestions%20and%20Inquiries%20v01.docx,,,,,,
PR-SS-QRI,PR-SS-QRI,2021,v01 (2021),Obsoleto,ES,"210415 PR-SS-QRI - Programa de Gestión de Quejas, Consultas y Sugerencias v01.docx",docx,"PROGRAMAS_FICHAS_CSS/Obsoletos/210415 PR-SS-QRI - Programa de Gestión de Quejas, Consultas y Sugerencias v01.docx",https://github.com/monitorimpactosocial/programas_y_finas_CSS/blob/main/PROGRAMAS_FICHAS_CSS/Obsoletos/210415%20PR-SS-QRI%20-%20Programa%20de%20Gesti%C3%B3n%20de%20Quejas%2C%20Consultas%20y%20Sugerencias%20v01.docx,https://raw.githubusercontent.com/monitorimpactosocial/programas_y_finas_CSS/main/PROGRAMAS_FICHAS_CSS/Obsoletos/210415%20PR-SS-QRI%20-%20Programa%20de%20Gesti%C3%B3n%20de%20Quejas%2C%20Consultas%20y%20Sugerencias%20v01.docx,,,,,,
PR-SS-QRI,PR-SS-QRI,2022,v02 (2022),Obsoleto,EN,"220104 PR-SS-QRI - Programa de Gestión de Quejas, Consultas y Sugerencias v02.docx",docx,"PROGRAMAS_FICHAS_CSS/Obsoletos/INGLÉS/220104 PR-SS-QRI - Programa de Gestión de Quejas, Consultas y Sugerencias v02.docx",https://github.com/monitorimpactosocial/programas_y_finas_CSS/blob/main/PROGRAMAS_FICHAS_CSS/Obsoletos/INGL%C3%89S/220104%20PR-SS-QRI%20-%20Programa%20de%20Gestio%CC%81n%20de%20Quejas%2C%20Consultas%20y%20Sugerencias%20v02.docx,https://raw.githubusercontent.com/monitorimpactosocial/programas_y_finas_CSS/main/PROGRAMAS_FICHAS_CSS/Obsoletos/INGL%C3%89S/220104%20PR-SS-QRI%20-%20Programa%20de%20Gestio%CC%81n%20de%20Quejas%2C%20Consultas%20y%20Sugerencias%20v02.docx,,,,,,
PR-SS-QRI,PR-SS-QRI,2023,v03 (2023),Vigente,ES,230528 PR-SS-QRI - Programa de Gestión de Quejas Consultas y Sugerencias v03.pdf,pdf,PROGRAMAS_FICHAS_CSS/PDF/230528 PR-SS-QRI - Programa de Gestión de Quejas Consultas y Sugerencias v03.pdf,https://github.com/monitorimpactosocial/programas_y_finas_CSS/blob/main/PROGRAMAS_FICHAS_CSS/PDF/230528%20PR-SS-QRI%20-%20Programa%20de%20Gesti%C3%B3n%20de%20Quejas%20Consultas%20y%20Sugerencias%20v03.pdf,https://raw.githubusercontent.com/monitorimpactosocial/programas_y_finas_CSS/main/PROGRAMAS_FICHAS_CSS/PDF/230528%20PR-SS-QRI%20-%20Programa%20de%20Gesti%C3%B3n%20de%20Quejas%20Consultas%20y%20Sugerencias%20v03.pdf,https://docs.google.com/gview?embedded=1&url=https://raw.githubusercontent.com/monitorimpactosocial/programas_y_finas_CSS/main/PROGRAMAS_FICHAS_CSS/PDF/230528%20PR-SS-QRI%20-%20Programa%20de%20Gesti%C3%B3n%20de%20Quejas%20Consultas%20y%20Sugerencias%20v03.pdf,,,,,
PR-SS-QRI,PR-SS-QRI,2023,v03 (2023),Vigente,ES,230528 PR-SS-QRI - Programa de Gestión de Quejas Consultas y Sugerencias v03.docx,docx,PROGRAMAS_FICHAS_CSS/Obsoletos/230528 PR-SS-QRI - Programa de Gestión de Quejas Consultas y Sugerencias v03.docx,https://github.com/monitorimpactosocial/programas_y_finas_CSS/blob/main/PROGRAMAS_FICHAS_CSS/Obsoletos/230528%20PR-SS-QRI%20-%20Programa%20de%20Gesti%C3%B3n%20de%20Quejas%20Consultas%20y%20Sugerencias%20v03.docx,https://raw.githubusercontent.com/monitorimpactosocial/programas_y_finas_CSS/main/PROGRAMAS_FICHAS_CSS/Obsoletos/230528%20PR-SS-QRI%20-%20Programa%20de%20Gesti%C3%B3n%20de%20Quejas%20Consultas%20y%20Sugerencias%20v03.docx,,,,,,
PR-SS-QRI,PR-SS-QRI,2024,v04 (2024),Obsoleto,ES,240404 PR-SS-QRI - Programa de Gestión de Quejas Consultas y Sugerencias v04.docx,docx,PROGRAMAS_FICHAS_CSS/Obsoletos/240404 PR-SS-QRI - Programa de Gestión de Quejas Consultas y Sugerencias v04.docx,https://github.com/monitorimpactosocial/programas_y_finas_CSS/blob/main/PROGRAMAS_FICHAS_CSS/Obsoletos/240404%20PR-SS-QRI%20-%20Programa%20de%20Gesti%C3%B3n%20de%20Quejas%20Consultas%20y%20Sugerencias%20v04.docx,https://raw.githubusercontent.com/monitorimpactosocial/programas_y_finas_CSS/main/PROGRAMAS_FICHAS_CSS/Obsoletos/240404%20PR-SS-QRI%20-%20Programa%20de%20Gesti%C3%B3n%20de%20Quejas%20Consultas%20y%20Sugerencias%20v04.docx,,,,,,
PR-SS-QRI,PR-SS-QRI,2025,v05 (2025),Vigente,ES,250721 PR-SS-QRI - Programa de Gestión de Quejas Consultas y Sugerencias v05.docx,docx,PROGRAMAS_FICHAS_CSS/250721 PR-SS-QRI - Programa de Gestión de Quejas Consultas y Sugerencias v05.docx,https://github.com/monitorimpactosocial/programas_y_finas_CSS/blob/main/PROGRAMAS_FICHAS_CSS/250721%20PR-SS-QRI%20-%20Programa%20de%20Gesti%C3%B3n%20de%20Quejas%20Consultas%20y%20Sugerencias%20v05.docx,https://raw.githubusercontent.com/monitorimpactosocial/programas_y_finas_CSS/main/PROGRAMAS_FICHAS_CSS/250721%20PR-SS-QRI%20-%20Programa%20de%20Gesti%C3%B3n%20de%20Quejas%20Consultas%20y%20Sugerencias%20v05.docx,,,,,,
PR-SS-RPI,PR-SS-RPI,2021,v01 (2021),Obsoleto,ES,210524 PR-SS-RPI - Programa de Relacionamiento con Comunidades Indígenas v01.docx,docx,PROGRAMAS_FICHAS_CSS/Obsoletos/210524 PR-SS-RPI - Programa de Relacionamiento con Comunidades Indígenas v01.docx,https://github.com/monitorimpactosocial/programas_y_finas_CSS/blob/main/PROGRAMAS_FICHAS_CSS/Obsoletos/210524%20PR-SS-RPI%20-%20Programa%20de%20Relacionamiento%20con%20Comunidades%20Ind%C3%ADgenas%20v01.docx,https://raw.githubusercontent.com/monitorimpactosocial/programas_y_finas_CSS/main/PROGRAMAS_FICHAS_CSS/Obsoletos/210524%20PR-SS-RPI%20-%20Programa%20de%20Relacionamiento%20con%20Comunidades%20Ind%C3%ADgenas%20v01.docx,,,,,,
PR-SS-RPI,PR-SS-RPI,2021,v01 (2021),Obsoleto,EN,210524 PR-SS-RPI - Relationship Program with Indigenous Communities v01.docx,docx,PROGRAMAS_FICHAS_CSS/Obsoletos/INGLÉS/OBSOLETOS/210524 PR-SS-RPI - Relationship Program with Indigenous Communities v01.docx,https://github.com/monitorimpactosocial/programas_y_finas_CSS/blob/main/PROGRAMAS_FICHAS_CSS/Obsoletos/INGL%C3%89S/OBSOLETOS/210524%20PR-SS-RPI%20-%20Relationship%20Program%20with%20Indigenous%20Communities%20v01.docx,https://raw.githubusercontent.com/monitorimpactosocial/programas_y_finas_CSS/main/PROGRAMAS_FICHAS_CSS/Obsoletos/INGL%C3%89S/OBSOLETOS/210524%20PR-SS-RPI%20-%20Relationship%20Program%20with%20Indigenous%20Communities%20v01.docx,,,,,,
PR-SS-RPI,PR-SS-RPI,2022,v02 (2022),Obsoleto,EN,220104 PR-SS-RPI - Programa de Relacionamiento con Comunidades Indígenas v02.docx,docx,PROGRAMAS_FICHAS_CSS/Obsoletos/INGLÉS/220104 PR-SS-RPI - Programa de Relacionamiento con Comunidades Indígenas v02.docx,https://github.com/monitorimpactosocial/programas_y_finas_CSS/blob/main/PROGRAMAS_FICHAS_CSS/Obsoletos/INGL%C3%89S/220104%20PR-SS-RPI%20-%20Programa%20de%20Relacionamiento%20con%20Comunidades%20Indi%CC%81genas%20v02.docx,https://raw.githubusercontent.com/monitorimpactosocial/programas_y_finas_CSS/main/PROGRAMAS_FICHAS_CSS/Obsoletos/INGL%C3%89S/220104%20PR-SS-RPI%20-%20Programa%20de%20Relacionamiento%20con%20Comunidades%20Indi%CC%81genas%20v02.docx,,,,,,
PR-SS-RPI,PR-SS-RPI,2023,v03 (2023),Vigente,ES,230528 PR-SS-RPI - Programa de Relacionamiento con Comunidades Indígenas v03.pdf,pdf,PROGRAMAS_FICHAS_CSS/PDF/230528 PR-SS-RPI - Programa de Relacionamiento con Comunidades Indígenas v03.pdf,https://github.com/monitorimpactosocial/programas_y_finas_CSS/blob/main/PROGRAMAS_FICHAS_CSS/PDF/230528%20PR-SS-RPI%20-%20Programa%20de%20Relacionamiento%20con%20Comunidades%20Ind%C3%ADgenas%20v03.pdf,https://raw.githubusercontent.com/monitorimpactosocial/programas_y_finas_CSS/main/PROGRAMAS_FICHAS_CSS/PDF/230528%20PR-SS-RPI%20-%20Programa%20de%20Relacionamiento%20con%20Comunidades%20Ind%C3%ADgenas%20v03.pdf,https://docs.google.com/gview?embedded=1&url=https://raw.githubusercontent.com/monitorimpactosocial/programas_y_finas_CSS/main/PROGRAMAS_FICHAS_CSS/PDF/230528%20PR-SS-RPI%20-%20Programa%20de%20Relacionamiento%20con%20Comunidades%20Ind%C3%ADgenas%20v03.pdf,,,,,
PR-SS-RPI,PR-SS-RPI,2023,v03 (2023),Vigente,ES,230528 PR-SS-RPI - Programa de Relacionamiento con Comunidades Indígenas v03.docx,docx,PROGRAMAS_FICHAS_CSS/Obsoletos/230528 PR-SS-RPI - Programa de Relacionamiento con Comunidades Indígenas v03.docx,https://github.com/monitorimpactosocial/programas_y_finas_CSS/blob/main/PROGRAMAS_FICHAS_CSS/Obsoletos/230528%20PR-SS-RPI%20-%20Programa%20de%20Relacionamiento%20con%20Comunidades%20Ind%C3%ADgenas%20v03.docx,https://raw.githubusercontent.com/monitorimpactosocial/programas_y_finas_CSS/main/PROGRAMAS_FICHAS_CSS/Obsoletos/230528%20PR-SS-RPI%20-%20Programa%20de%20Relacionamiento%20con%20Comunidades%20Ind%C3%ADgenas%20v03.docx,,,,,,
PR-SS-RPI,PR-SS-RPI,2024,v04 (2024),Obsoleto,ES,240404 PR-SS-RPI - Programa de Relacionamiento con Comunidades Indígenas v04.docx,docx,PROGRAMAS_FICHAS_CSS/Obsoletos/240404 PR-SS-RPI - Programa de Relacionamiento con Comunidades Indígenas v04.docx,https://github.com/monitorimpactosocial/programas_y_finas_CSS/blob/main/PROGRAMAS_FICHAS_CSS/Obsoletos/240404%20PR-SS-RPI%20-%20Programa%20de%20Relacionamiento%20con%20Comunidades%20Ind%C3%ADgenas%20v04.docx,https://raw.githubusercontent.com/monitorimpactosocial/programas_y_finas_CSS/main/PROGRAMAS_FICHAS_CSS/Obsoletos/240404%20PR-SS-RPI%20-%20Programa%20de%20Relacionamiento%20con%20Comunidades%20Ind%C3%ADgenas%20v04.docx,,,,,,
PR-SS-RPI,PR-SS-RPI,2025,v05 (2025),Vigente,ES,250721 PR-SS-RPI - Programa de Relacionamiento con Comunidades Indígenas v05.docx,docx,PROGRAMAS_FICHAS_CSS/250721 PR-SS-RPI - Programa de Relacionamiento con Comunidades Indígenas v05.docx,https://github.com/monitorimpactosocial/programas_y_finas_CSS/blob/main/PROGRAMAS_FICHAS_CSS/250721%20PR-SS-RPI%20-%20Programa%20de%20Relacionamiento%20con%20Comunidades%20Ind%C3%ADgenas%20v05.docx,https://raw.githubusercontent.com/monitorimpactosocial/programas_y_finas_CSS/main/PROGRAMAS_FICHAS_CSS/250721%20PR-SS-RPI%20-%20Programa%20de%20Relacionamiento%20con%20Comunidades%20Ind%C3%ADgenas%20v05.docx,,,,,,
PR-SS-SEV,PR-SS-SEV,2021,v01 (2021),Obsoleto,ES,210415 PR-SS-SEV - Programa de Seguridad Vial  v01.docx,docx,PROGRAMAS_FICHAS_CSS/Obsoletos/210415 PR-SS-SEV - Programa de Seguridad Vial  v01.docx,https://github.com/monitorimpactosocial/programas_y_finas_CSS/blob/main/PROGRAMAS_FICHAS_CSS/Obsoletos/210415%20PR-SS-SEV%20-%20Programa%20de%20Seguridad%20Vial%20%20v01.docx,https://raw.githubusercontent.com/monitorimpactosocial/programas_y_finas_CSS/main/PROGRAMAS_FICHAS_CSS/Obsoletos/210415%20PR-SS-SEV%20-%20Programa%20de%20Seguridad%20Vial%20%20v01.docx,,,,,,
PR-SS-SEV,PR-SS-SEV,2021,v01 (2021),Obsoleto,EN,210415 PR-SS-SEV - Road Safety Program v01.docx,docx,PROGRAMAS_FICHAS_CSS/Obsoletos/INGLÉS/OBSOLETOS/210415 PR-SS-SEV - Road Safety Program v01.docx,https://github.com/monitorimpactosocial/programas_y_finas_CSS/blob/main/PROGRAMAS_FICHAS_CSS/Obsoletos/INGL%C3%89S/OBSOLETOS/210415%20PR-SS-SEV%20-%20Road%20Safety%20Program%20v01.docx,https://raw.githubusercontent.com/monitorimpactosocial/programas_y_finas_CSS/main/PROGRAMAS_FICHAS_CSS/Obsoletos/INGL%C3%89S/OBSOLETOS/210415%20PR-SS-SEV%20-%20Road%20Safety%20Program%20v01.docx,,,,,,
PR-SS-SEV,PR-SS-SEV,2022,v02 (2022),Obsoleto,EN,220104 PR-SS-SEV - Programa de Seguridad Vial  v02.docx,docx,PROGRAMAS_FICHAS_CSS/Obsoletos/INGLÉS/220104 PR-SS-SEV - Programa de Seguridad Vial  v02.docx,https://github.com/monitorimpactosocial/programas_y_finas_CSS/blob/main/PROGRAMAS_FICHAS_CSS/Obsoletos/INGL%C3%89S/220104%20PR-SS-SEV%20-%20Programa%20de%20Seguridad%20Vial%20%20v02.docx,https://raw.githubusercontent.com/monitorimpactosocial/programas_y_finas_CSS/main/PROGRAMAS_FICHAS_CSS/Obsoletos/INGL%C3%89S/220104%20PR-SS-SEV%20-%20Programa%20de%20Seguridad%20Vial%20%20v02.docx,,,,,,
PR-SS-SEV,PR-SS-SEV,2023,v03 (2023),Vigente,ES,230528 PR-SS-SEV - Programa de Seguridad Vial  v03.pdf,pdf,PROGRAMAS_FICHAS_CSS/PDF/230528 PR-SS-SEV - Programa de Seguridad Vial  v03.pdf,https://github.com/monitorimpactosocial/programas_y_finas_CSS/blob/main/PROGRAMAS_FICHAS_CSS/PDF/230528%20PR-SS-SEV%20-%20Programa%20de%20Seguridad%20Vial%20%20v03.pdf,https://raw.githubusercontent.com/monitorimpactosocial/programas_y_finas_CSS/main/PROGRAMAS_FICHAS_CSS/PDF/230528%20PR-SS-SEV%20-%20Programa%20de%20Seguridad%20Vial%20%20v03.pdf,https://docs.google.com/gview?embedded=1&url=https://raw.githubusercontent.com/monitorimpactosocial/programas_y_finas_CSS/main/PROGRAMAS_FICHAS_CSS/PDF/230528%20PR-SS-SEV%20-%20Programa%20de%20Seguridad%20Vial%20%20v03.pdf,,,,,
PR-SS-SEV,PR-SS-SEV,2023,v03 (2023),Vigente,ES,230528 PR-SS-SEV - Programa de Seguridad Vial  v03.docx,docx,PROGRAMAS_FICHAS_CSS/Obsoletos/230528 PR-SS-SEV - Programa de Seguridad Vial  v03.docx,https://github.com/monitorimpactosocial/programas_y_finas_CSS/blob/main/PROGRAMAS_FICHAS_CSS/Obsoletos/230528%20PR-SS-SEV%20-%20Programa%20de%20Seguridad%20Vial%20%20v03.docx,https://raw.githubusercontent.com/monitorimpactosocial/programas_y_finas_CSS/main/PROGRAMAS_FICHAS_CSS/Obsoletos/230528%20PR-SS-SEV%20-%20Programa%20de%20Seguridad%20Vial%20%20v03.docx,,,,,,
PR-SS-SEV,PR-SS-SEV,2024,v04 (2024),Obsoleto,ES,240404 PR-SS-SEV - Programa de Seguridad Vial  v04.docx,docx,PROGRAMAS_FICHAS_CSS/Obsoletos/240404 PR-SS-SEV - Programa de Seguridad Vial  v04.docx,https://github.com/monitorimpactosocial/programas_y_finas_CSS/blob/main/PROGRAMAS_FICHAS_CSS/Obsoletos/240404%20PR-SS-SEV%20-%20Programa%20de%20Seguridad%20Vial%20%20v04.docx,https://raw.githubusercontent.com/monitorimpactosocial/programas_y_finas_CSS/main/PROGRAMAS_FICHAS_CSS/Obsoletos/240404%20PR-SS-SEV%20-%20Programa%20de%20Seguridad%20Vial%20%20v04.docx,,,,,,
PR-SS-SEV,PR-SS-SEV,2025,v05 (Jul 2025),Obsoleto,ES,250721 PR-SS-SEV - Programa de Seguridad Vial  v05.docx,docx,PROGRAMAS_FICHAS_CSS/Obsoletos/250721 PR-SS-SEV - Programa de Seguridad Vial  v05.docx,https://github.com/monitorimpactosocial/programas_y_finas_CSS/blob/main/PROGRAMAS_FICHAS_CSS/Obsoletos/250721%20PR-SS-SEV%20-%20Programa%20de%20Seguridad%20Vial%20%20v05.docx,https://raw.githubusercontent.com/monitorimpactosocial/programas_y_finas_CSS/main/PROGRAMAS_FICHAS_CSS/Obsoletos/250721%20PR-SS-SEV%20-%20Programa%20de%20Seguridad%20Vial%20%20v05.docx,,,,,,
PR-SS-SEV,PR-SS-SEV,2025,v06 (Dic 2025),Vigente,ES,251216 PR-SS-SEV - Programa de Seguridad Vial  v06.docx,docx,PROGRAMAS_FICHAS_CSS/251216 PR-SS-SEV - Programa de Seguridad Vial  v06.docx,https://github.com/monitorimpactosocial/programas_y_finas_CSS/blob/main/PROGRAMAS_FICHAS_CSS/251216%20PR-SS-SEV%20-%20Programa%20de%20Seguridad%20Vial%20%20v06.docx,https://raw.githubusercontent.com/monitorimpactosocial/programas_y_finas_CSS/main/PROGRAMAS_FICHAS_CSS/251216%20PR-SS-SEV%20-%20Programa%20de%20Seguridad%20Vial%20%20v06.docx,,,,,,
PR-SS-SSC,PR-SS-SSC,2021,v01 (2021),Obsoleto,EN,210414 PR-SS-SSC - Community Health and Safety Program v01.docx,docx,PROGRAMAS_FICHAS_CSS/Obsoletos/INGLÉS/OBSOLETOS/210414 PR-SS-SSC - Community Health and Safety Program v01.docx,https://github.com/monitorimpactosocial/programas_y_finas_CSS/blob/main/PROGRAMAS_FICHAS_CSS/Obsoletos/INGL%C3%89S/OBSOLETOS/210414%20PR-SS-SSC%20-%20Community%20Health%20and%20Safety%20Program%20v01.docx,https://raw.githubusercontent.com/monitorimpactosocial/programas_y_finas_CSS/main/PROGRAMAS_FICHAS_CSS/Obsoletos/INGL%C3%89S/OBSOLETOS/210414%20PR-SS-SSC%20-%20Community%20Health%20and%20Safety%20Program%20v01.docx,,,,,,
PR-SS-SSC,PR-SS-SSC,2021,v01 (2021),Obsoleto,ES,210414 PR-SS-SSC - Programa de Salud y Seguridad Comunitaria  v01.docx,docx,PROGRAMAS_FICHAS_CSS/Obsoletos/210414 PR-SS-SSC - Programa de Salud y Seguridad Comunitaria  v01.docx,https://github.com/monitorimpactosocial/programas_y_finas_CSS/blob/main/PROGRAMAS_FICHAS_CSS/Obsoletos/210414%20PR-SS-SSC%20-%20Programa%20de%20Salud%20y%20Seguridad%20Comunitaria%20%20v01.docx,https://raw.githubusercontent.com/monitorimpactosocial/programas_y_finas_CSS/main/PROGRAMAS_FICHAS_CSS/Obsoletos/210414%20PR-SS-SSC%20-%20Programa%20de%20Salud%20y%20Seguridad%20Comunitaria%20%20v01.docx,,,,,,
PR-SS-SSC,PR-SS-SSC,2022,v02 (2022),Obsoleto,EN,220104 PR-SS-SSC - Programa de Salud y Seguridad Comunitaria  v02.docx,docx,PROGRAMAS_FICHAS_CSS/Obsoletos/INGLÉS/220104 PR-SS-SSC - Programa de Salud y Seguridad Comunitaria  v02.docx,https://github.com/monitorimpactosocial/programas_y_finas_CSS/blob/main/PROGRAMAS_FICHAS_CSS/Obsoletos/INGL%C3%89S/220104%20PR-SS-SSC%20-%20Programa%20de%20Salud%20y%20Seguridad%20Comunitaria%20%20v02.docx,https://raw.githubusercontent.com/monitorimpactosocial/programas_y_finas_CSS/main/PROGRAMAS_FICHAS_CSS/Obsoletos/INGL%C3%89S/220104%20PR-SS-SSC%20-%20Programa%20de%20Salud%20y%20Seguridad%20Comunitaria%20%20v02.docx,,,,,,
PR-SS-SSC,PR-SS-SSC,2023,v03 (2023),Vigente,ES,230528 PR-SS-SSC - Programa de Salud y Seguridad Comunitaria  v03.pdf,pdf,PROGRAMAS_FICHAS_CSS/PDF/230528 PR-SS-SSC - Programa de Salud y Seguridad Comunitaria  v03.pdf,https://github.com/monitorimpactosocial/programas_y_finas_CSS/blob/main/PROGRAMAS_FICHAS_CSS/PDF/230528%20PR-SS-SSC%20-%20Programa%20de%20Salud%20y%20Seguridad%20Comunitaria%20%20v03.pdf,https://raw.githubusercontent.com/monitorimpactosocial/programas_y_finas_CSS/main/PROGRAMAS_FICHAS_CSS/PDF/230528%20PR-SS-SSC%20-%20Programa%20de%20Salud%20y%20Seguridad%20Comunitaria%20%20v03.pdf,https://docs.google.com/gview?embedded=1&url=https://raw.githubusercontent.com/monitorimpactosocial/programas_y_finas_CSS/main/PROGRAMAS_FICHAS_CSS/PDF/230528%20PR-SS-SSC%20-%20Programa%20de%20Salud%20y%20Seguridad%20Comunitaria%20%20v03.pdf,,,,,
PR-SS-SSC,PR-SS-SSC,2023,v03 (2023),Vigente,ES,230528 PR-SS-SSC - Programa de Salud y Seguridad Comunitaria  v03.docx,docx,PROGRAMAS_FICHAS_CSS/Obsoletos/230528 PR-SS-SSC - Programa de Salud y Seguridad Comunitaria  v03.docx,https://github.com/monitorimpactosocial/programas_y_finas_CSS/blob/main/PROGRAMAS_FICHAS_CSS/Obsoletos/230528%20PR-SS-SSC%20-%20Programa%20de%20Salud%20y%20Seguridad%20Comunitaria%20%20v03.docx,https://raw.githubusercontent.com/monitorimpactosocial/programas_y_finas_CSS/main/PROGRAMAS_FICHAS_CSS/Obsoletos/230528%20PR-SS-SSC%20-%20Programa%20de%20Salud%20y%20Seguridad%20Comunitaria%20%20v03.docx,,,,,,
PR-SS-SSC,PR-SS-SSC,2024,v04 (2024),Obsoleto,ES,240404 PR-SS-SSC - Programa de Salud y Seguridad Comunitaria  v04.docx,docx,PROGRAMAS_FICHAS_CSS/Obsoletos/240404 PR-SS-SSC - Programa de Salud y Seguridad Comunitaria  v04.docx,https://github.com/monitorimpactosocial/programas_y_finas_CSS/blob/main/PROGRAMAS_FICHAS_CSS/Obsoletos/240404%20PR-SS-SSC%20-%20Programa%20de%20Salud%20y%20Seguridad%20Comunitaria%20%20v04.docx,https://raw.githubusercontent.com/monitorimpactosocial/programas_y_finas_CSS/main/PROGRAMAS_FICHAS_CSS/Obsoletos/240404%20PR-SS-SSC%20-%20Programa%20de%20Salud%20y%20Seguridad%20Comunitaria%20%20v04.docx,,,,,,
PR-SS-SSC,PR-SS-SSC,2025,v05 (2025),Obsoleto,ES,250721 PR-SS-SSC - Programa de Salud y Seguridad Comunitaria  v05.docx,docx,PROGRAMAS_FICHAS_CSS/Obsoletos/250721 PR-SS-SSC - Programa de Salud y Seguridad Comunitaria  v05.docx,https://github.com/monitorimpactosocial/programas_y_finas_CSS/blob/main/PROGRAMAS_FICHAS_CSS/Obsoletos/250721%20PR-SS-SSC%20-%20Programa%20de%20Salud%20y%20Seguridad%20Comunitaria%20%20v05.docx,https://raw.githubusercontent.com/monitorimpactosocial/programas_y_finas_CSS/main/PROGRAMAS_FICHAS_CSS/Obsoletos/250721%20PR-SS-SSC%20-%20Programa%20de%20Salud%20y%20Seguridad%20Comunitaria%20%20v05.docx,,,,,,
PR-SS-SSC,PR-SS-SSC,2025,v05/v06 (2025),Vigente,ES,251209 PR-SS-SSC - Programa de Salud y Seguridad Comunitaria  v06.docx,docx,PROGRAMAS_FICHAS_CSS/251209 PR-SS-SSC - Programa de Salud y Seguridad Comunitaria  v06.docx,https://github.com/monitorimpactosocial/programas_y_finas_CSS/blob/main/PROGRAMAS_FICHAS_CSS/251209%20PR-SS-SSC%20-%20Programa%20de%20Salud%20y%20Seguridad%20Comunitaria%20%20v06.docx,https://raw.githubusercontent.com/monitorimpactosocial/programas_y_finas_CSS/main/PROGRAMAS_FICHAS_CSS/251209%20PR-SS-SSC%20-%20Programa%20de%20Salud%20y%20Seguridad%20Comunitaria%20%20v06.docx,,,,,,
